scenario_name,severity_rank,member_count,total_settlement_liquidity_need_usd,total_repo_rollover_need_usd,total_incremental_funding_cost_usd,total_additional_haircut_requirement_usd,total_treasury_liquidation_loss_usd,total_settlement_fail_requirement_usd,total_concentration_adjustment_usd,total_operational_liquidity_buffer_usd,total_stressed_liquidity_requirement_usd,total_available_qualified_liquid_resources_usd,aggregate_liquidity_coverage_ratio,minimum_member_liquidity_coverage_ratio,breach_member_count,double_count_control_failures,scenario_status,model_version,value_class,actual_ficc_participant,participant_level_inference
control,0,48,2509734833314.869,0.0,0.0,0.0,0.0,0.0,0.0,0.0,2509734833314.869,3585520931632.542,1.4286453230187548,0.8898102688899491,2,0,BREACH,section-19-v1,synthetic,False,False
moderate_integrated_stress,1,48,2509734833314.869,434767806047.6807,57192023.56845945,38210461417.5072,2611351486.1526995,451200638190.35315,0.0,68731645649.60263,3505313928129.7344,3585520931632.542,1.022881546459835,0.6447685262733084,24,0,BREACH,section-19-v1,synthetic,False,False
severe_integrated_stress,2,48,2509734833314.869,952911275538.8151,37369069.62897314,125152638772.52692,11411681329.750065,1064800716169.8875,27835830070.90768,234594217213.31927,4926478561479.705,3585520931632.542,0.7278060559661917,0.46082157672171237,45,0,BREACH,section-19-v1,synthetic,False,False
extreme_integrated_crisis,3,48,2509734833314.869,1098650647091.8103,8096631.752944188,317202383002.77783,11026210348.450232,2532448966462.14,199910991487.55865,666898212833.936,7335880341173.295,3585520931632.542,0.4887649150311899,0.3142530559917237,48,0,BREACH,section-19-v1,synthetic,False,False
